test_opponent,mean_reward,reward_std,max_attainable_payoff,payoff_pct_of_max,payoff_pct_std,test_opponent_label
tft,504.6666666666667,3.5118845842842537,602,83.83167220376522,0.5833695322731243,Tit for Tat
mist,492.6666666666667,3.7859388972001873,599,82.24819143016138,0.6320432215693061,Mistrust
tftt,664.3333333333334,1.5275252316519499,802,82.83458021612635,0.19046449272467825,Tit for Two Tats
generous_tft,512.0666666666667,7.645065946957719,602,85.0609080841639,1.26994450946143,Generous Tit for Tat
soft_majo,725.0,4.0,800,90.625,0.5,Soft Majority
