training_p_noise,0.0,0.05,0.1,0.2
0.0,431.12837606837604,417.15435897435896,421.96324786324783,435.247264957265
0.05,392.7819658119658,400.9635042735043,406.73051282051284,426.9991452991453
0.1,376.8250427350427,389.42273504273504,399.58982905982907,422.0021367521368
0.2,356.48923076923074,384.9411965811966,399.79188034188036,418.9734188034188
